[
  {
    "id": "a77ddad9-9aa1-4a31-8e56-daa3de807571",
    "filename": "核子危机/传奇占位符_a77ddad9-9aa1-4a31-8e56-daa3de807571.mp4",
    "series": "核子危机",
    "displayName": "传奇占位符",
    "url": "https://sakikobird.cn:3000/videos/核子危机/传奇占位符_a77ddad9-9aa1-4a31-8e56-daa3de807571.mp4",
    "playCount": 0,
    "lastModified": 1743617819896.052,
    "subSeries": "默认子系列",
    "bitrate": 10
  },
  {
    "id": "a5f4273e-f956-4833-8683-dfe9a2e7933b",
    "filename": "火车停放站/三楼下火_a5f4273e-f956-4833-8683-dfe9a2e7933b.mp4",
    "series": "火车停放站",
    "displayName": "三楼下火",
    "url": "https://sakikobird.cn:3000/videos/火车停放站/三楼下火_a5f4273e-f956-4833-8683-dfe9a2e7933b.mp4",
    "playCount": 0,
    "lastModified": 1743694452673.1914,
    "subSeries": "默认子系列",
    "bitrate": 40
  },
  {
    "id": "857369d4-ec37-4a14-872f-c168ee7dca2f",
    "filename": "炼狱小镇/不好混的棺材烟_857369d4-ec37-4a14-872f-c168ee7dca2f.mp4",
    "series": "炼狱小镇",
    "displayName": "不好混的棺材烟",
    "url": "https://sakikobird.cn:3000/videos/炼狱小镇/不好混的棺材烟_857369d4-ec37-4a14-872f-c168ee7dca2f.mp4",
    "playCount": 5,
    "lastModified": 1743618119910.0112,
    "subSeries": "A区道具",
    "bitrate": 11
  },
  {
    "id": "c3509f04-a04b-44c0-9878-c61ee16344f2",
    "filename": "炼狱小镇/匪口烟_c3509f04-a04b-44c0-9878-c61ee16344f2.mp4",
    "series": "炼狱小镇",
    "displayName": "匪口烟",
    "url": "https://sakikobird.cn:3000/videos/炼狱小镇/匪口烟_c3509f04-a04b-44c0-9878-c61ee16344f2.mp4",
    "playCount": 0,
    "lastModified": 1743618125162.1155,
    "subSeries": "A区道具",
    "bitrate": 12
  },
  {
    "id": "82fc1ab3-59ed-4221-8b14-3f19a8e8f64e",
    "filename": "炼狱小镇/双人反清_82fc1ab3-59ed-4221-8b14-3f19a8e8f64e.mp4",
    "series": "炼狱小镇",
    "displayName": "双人反清",
    "url": "https://sakikobird.cn:3000/videos/炼狱小镇/双人反清_82fc1ab3-59ed-4221-8b14-3f19a8e8f64e.mp4",
    "playCount": 0,
    "lastModified": 1743618134158.2942,
    "subSeries": "A区道具",
    "bitrate": 12
  },
  {
    "id": "ba706f6d-9f6a-40fe-b9aa-870c2d7a4dee",
    "filename": "炼狱小镇/反清大雷_ba706f6d-9f6a-40fe-b9aa-870c2d7a4dee.mp4",
    "series": "炼狱小镇",
    "displayName": "反清大雷",
    "url": "https://sakikobird.cn:3000/videos/炼狱小镇/反清大雷_ba706f6d-9f6a-40fe-b9aa-870c2d7a4dee.mp4",
    "playCount": 0,
    "lastModified": 1743618128990.1914,
    "subSeries": "B区道具",
    "bitrate": 10
  },
  {
    "id": "b71642ce-cea6-4044-8f48-6fc5725f94e0",
    "filename": "炼狱小镇/呼呼呼呼_b71642ce-cea6-4044-8f48-6fc5725f94e0.mp4",
    "series": "炼狱小镇",
    "displayName": "呼呼呼呼",
    "url": "https://sakikobird.cn:3000/videos/炼狱小镇/呼呼呼呼_b71642ce-cea6-4044-8f48-6fc5725f94e0.mp4",
    "playCount": 0,
    "lastModified": 1743618150158.6118,
    "subSeries": "B区道具",
    "bitrate": 9
  },
  {
    "id": "b97ba7d3-4213-4fe5-be90-f009ddffa87d",
    "filename": "炼狱小镇/喷泉火_b97ba7d3-4213-4fe5-be90-f009ddffa87d.mp4",
    "series": "炼狱小镇",
    "displayName": "喷泉火",
    "url": "https://sakikobird.cn:3000/videos/炼狱小镇/喷泉火_b97ba7d3-4213-4fe5-be90-f009ddffa87d.mp4",
    "playCount": 0,
    "lastModified": 1743618143334.4763,
    "subSeries": "B区道具",
    "bitrate": 13
  },
  {
    "id": "f5c5c223-2ccc-45cc-8ed9-d2611dca3702",
    "filename": "炼狱小镇/小镇B双烟_f5c5c223-2ccc-45cc-8ed9-d2611dca3702.mp4",
    "series": "炼狱小镇",
    "displayName": "小镇B双烟",
    "url": "https://sakikobird.cn:3000/videos/炼狱小镇/小镇B双烟_f5c5c223-2ccc-45cc-8ed9-d2611dca3702.mp4",
    "playCount": 0,
    "lastModified": 1743618152710.6626,
    "subSeries": "B区道具",
    "bitrate": 10
  },
  {
    "id": "4ef47466-8471-4b57-b15c-a84452a89bd6",
    "filename": "炼狱小镇/小镇B点闪_4ef47466-8471-4b57-b15c-a84452a89bd6.mp4",
    "series": "炼狱小镇",
    "displayName": "小镇B点闪",
    "url": "https://sakikobird.cn:3000/videos/炼狱小镇/小镇B点闪_4ef47466-8471-4b57-b15c-a84452a89bd6.mp4",
    "playCount": 0,
    "lastModified": 1743618160710.8213,
    "subSeries": "默认子系列",
    "bitrate": 10
  },
  {
    "id": "c83c7e29-dc54-4eba-ab59-d7891b73485c",
    "filename": "炼狱小镇/手枪局闪光_c83c7e29-dc54-4eba-ab59-d7891b73485c.mp4",
    "series": "炼狱小镇",
    "displayName": "手枪局闪光",
    "url": "https://sakikobird.cn:3000/videos/炼狱小镇/手枪局闪光_c83c7e29-dc54-4eba-ab59-d7891b73485c.mp4",
    "playCount": 0,
    "lastModified": 1743618165210.9106,
    "subSeries": "默认子系列",
    "bitrate": 10
  },
  {
    "id": "7cd63e6d-deea-4e93-8484-b8e21455150a",
    "filename": "炼狱小镇/棺材反清道具_7cd63e6d-deea-4e93-8484-b8e21455150a.mp4",
    "series": "炼狱小镇",
    "displayName": "棺材反清道具",
    "url": "https://sakikobird.cn:3000/videos/炼狱小镇/棺材反清道具_7cd63e6d-deea-4e93-8484-b8e21455150a.mp4",
    "playCount": 0,
    "lastModified": 1743618174711.0994,
    "subSeries": "默认子系列",
    "bitrate": 10
  },
  {
    "id": "89c8d257-f835-4832-adce-ff17f29aec87",
    "filename": "炼狱小镇/死点火_89c8d257-f835-4832-adce-ff17f29aec87.mp4",
    "series": "炼狱小镇",
    "displayName": "死点火",
    "url": "https://sakikobird.cn:3000/videos/炼狱小镇/死点火_89c8d257-f835-4832-adce-ff17f29aec87.mp4",
    "playCount": 0,
    "lastModified": 1743618172871.0627,
    "subSeries": "B区道具",
    "bitrate": 11
  },
  {
    "id": "c9b6e213-6e27-48c9-9c51-cbb61b773386",
    "filename": "炼狱小镇/炸ct雷_c9b6e213-6e27-48c9-9c51-cbb61b773386.mp4",
    "series": "炼狱小镇",
    "displayName": "炸ct雷",
    "url": "https://sakikobird.cn:3000/videos/炼狱小镇/炸ct雷_c9b6e213-6e27-48c9-9c51-cbb61b773386.mp4",
    "playCount": 0,
    "lastModified": 1743618180115.2068,
    "subSeries": "默认子系列",
    "bitrate": 13
  },
  {
    "id": "c5cd6a39-3697-4fb3-ab79-5d62a82ff16b",
    "filename": "炼狱小镇/炸faze烟_c5cd6a39-3697-4fb3-ab79-5d62a82ff16b.mp4",
    "series": "炼狱小镇",
    "displayName": "炸faze烟",
    "url": "https://sakikobird.cn:3000/videos/炼狱小镇/炸faze烟_c5cd6a39-3697-4fb3-ab79-5d62a82ff16b.mp4",
    "playCount": 0,
    "lastModified": 1743618177119.1472,
    "subSeries": "默认子系列",
    "bitrate": 8
  },
  {
    "id": "6ef9f8df-60c1-4899-a774-e11325cf778e",
    "filename": "炼狱小镇/第三身位道具_6ef9f8df-60c1-4899-a774-e11325cf778e.mp4",
    "series": "炼狱小镇",
    "displayName": "第三身位道具",
    "url": "https://sakikobird.cn:3000/videos/炼狱小镇/第三身位道具_6ef9f8df-60c1-4899-a774-e11325cf778e.mp4",
    "playCount": 0,
    "lastModified": 1743618196919.5403,
    "subSeries": "默认子系列",
    "bitrate": 10
  },
  {
    "id": "8f92f823-4097-4a08-975b-12ddf4aa543d",
    "filename": "炼狱小镇/飞二楼闪光_8f92f823-4097-4a08-975b-12ddf4aa543d.mp4",
    "series": "炼狱小镇",
    "displayName": "飞二楼闪光",
    "url": "https://sakikobird.cn:3000/videos/炼狱小镇/飞二楼闪光_8f92f823-4097-4a08-975b-12ddf4aa543d.mp4",
    "playCount": 0,
    "lastModified": 1743618203375.6685,
    "subSeries": "默认子系列",
    "bitrate": 9
  },
  {
    "id": "5b596e4d-fb67-4dcb-ba1d-7c6fb203c070",
    "filename": "炼狱小镇/黑屋满烧火_5b596e4d-fb67-4dcb-ba1d-7c6fb203c070.mp4",
    "series": "炼狱小镇",
    "displayName": "黑屋满烧火",
    "url": "https://sakikobird.cn:3000/videos/炼狱小镇/黑屋满烧火_5b596e4d-fb67-4dcb-ba1d-7c6fb203c070.mp4",
    "playCount": 1,
    "lastModified": 1743617958930.814,
    "subSeries": "A区道具",
    "bitrate": 10
  },
  {
    "id": "f3bbcabc-6044-4ebd-8249-084b0e34ca4c",
    "filename": "荒漠迷城/A回防道具_f3bbcabc-6044-4ebd-8249-084b0e34ca4c.mp4",
    "series": "荒漠迷城",
    "displayName": "A回防道具",
    "url": "https://sakikobird.cn:3000/videos/荒漠迷城/A回防道具_f3bbcabc-6044-4ebd-8249-084b0e34ca4c.mp4",
    "playCount": 3,
    "lastModified": 1743618109781.81,
    "subSeries": "默认子系列",
    "bitrate": 49
  },
  {
    "id": "2a531086-4575-4ce5-8671-498636cdfc9f",
    "filename": "荒漠迷城/B回防烟_2a531086-4575-4ce5-8671-498636cdfc9f.mp4",
    "series": "荒漠迷城",
    "displayName": "B回防烟",
    "url": "https://sakikobird.cn:3000/videos/荒漠迷城/B回防烟_2a531086-4575-4ce5-8671-498636cdfc9f.mp4",
    "playCount": 8,
    "lastModified": 1743617837900.4097,
    "subSeries": "默认子系列",
    "bitrate": 10
  },
  {
    "id": "bd87c663-45c2-47a4-a200-a5bd76e640b3",
    "filename": "荒漠迷城/donk中路架沙袋过点烟_bd87c663-45c2-47a4-a200-a5bd76e640b3.mp4",
    "series": "荒漠迷城",
    "displayName": "donk中路架沙袋过点烟",
    "url": "https://sakikobird.cn:3000/videos/荒漠迷城/donk中路架沙袋过点烟_bd87c663-45c2-47a4-a200-a5bd76e640b3.mp4",
    "playCount": 12,
    "lastModified": 1743617846856.5876,
    "subSeries": "默认子系列",
    "bitrate": 42
  },
  {
    "id": "743f373e-d77f-4fef-8ced-8e4093bf3659",
    "filename": "荒漠迷城/mc_743f373e-d77f-4fef-8ced-8e4093bf3659.mp4",
    "series": "荒漠迷城",
    "displayName": "mc",
    "url": "https://sakikobird.cn:3000/videos/荒漠迷城/mc_743f373e-d77f-4fef-8ced-8e4093bf3659.mp4",
    "playCount": 8,
    "lastModified": 1743617840384.459,
    "subSeries": "默认子系列",
    "bitrate": 33
  },
  {
    "id": "34fc6423-2f43-403b-82df-62e5e77b56e9",
    "filename": "荒漠迷城/test_34fc6423-2f43-403b-82df-62e5e77b56e9.mp4",
    "series": "荒漠迷城",
    "displayName": "test",
    "url": "https://sakikobird.cn:3000/videos/荒漠迷城/test_34fc6423-2f43-403b-82df-62e5e77b56e9.mp4",
    "playCount": 4,
    "lastModified": 1743617844808.5469,
    "subSeries": "默认子系列",
    "bitrate": 5
  },
  {
    "id": "ecd6ea67-d917-40c0-bd4e-703fc5c6313a",
    "filename": "荒漠迷城/下水道补烟_ecd6ea67-d917-40c0-bd4e-703fc5c6313a.mp4",
    "series": "荒漠迷城",
    "displayName": "下水道补烟",
    "url": "https://sakikobird.cn:3000/videos/荒漠迷城/下水道补烟_ecd6ea67-d917-40c0-bd4e-703fc5c6313a.mp4",
    "playCount": 3,
    "lastModified": 1743617857900.8071,
    "subSeries": "默认子系列",
    "bitrate": 11
  },
  {
    "id": "0082a9ec-17c9-4761-87cf-cc39d7177b91",
    "filename": "荒漠迷城/匪口送拱门队友闪_0082a9ec-17c9-4761-87cf-cc39d7177b91.mp4",
    "series": "荒漠迷城",
    "displayName": "匪口送拱门队友闪",
    "url": "https://sakikobird.cn:3000/videos/荒漠迷城/匪口送拱门队友闪_0082a9ec-17c9-4761-87cf-cc39d7177b91.mp4",
    "playCount": 3,
    "lastModified": 1743732298379.1855,
    "subSeries": "默认子系列",
    "bitrate": 40
  },
  {
    "id": "4cb413f6-78ce-4c37-aac9-1f185ce167ca",
    "filename": "荒漠迷城/匪口送拱门队友闪_4cb413f6-78ce-4c37-aac9-1f185ce167ca.mp4",
    "series": "荒漠迷城",
    "displayName": "匪口送拱门队友闪",
    "url": "https://sakikobird.cn:3000/videos/荒漠迷城/匪口送拱门队友闪_4cb413f6-78ce-4c37-aac9-1f185ce167ca.mp4",
    "playCount": 3,
    "lastModified": 1743731992601.0688,
    "subSeries": "默认子系列",
    "bitrate": 40
  },
  {
    "id": "f617ada1-fe92-4ead-b41f-916637689c4a",
    "filename": "荒漠迷城/反制A爆弹套餐_f617ada1-fe92-4ead-b41f-916637689c4a.mp4",
    "series": "荒漠迷城",
    "displayName": "反制A爆弹套餐",
    "url": "https://sakikobird.cn:3000/videos/荒漠迷城/反制A爆弹套餐_f617ada1-fe92-4ead-b41f-916637689c4a.mp4",
    "playCount": 2,
    "lastModified": 1743617877901.2043,
    "subSeries": "默认子系列",
    "bitrate": 10
  },
  {
    "id": "cf5ac2dd-d112-41dc-a224-d5149107924f",
    "filename": "荒漠迷城/无伤炸VIP烟_cf5ac2dd-d112-41dc-a224-d5149107924f.mp4",
    "series": "荒漠迷城",
    "displayName": "无伤炸VIP烟",
    "url": "https://sakikobird.cn:3000/videos/荒漠迷城/无伤炸VIP烟_cf5ac2dd-d112-41dc-a224-d5149107924f.mp4",
    "playCount": 2,
    "lastModified": 1743617918606.013,
    "subSeries": "默认子系列",
    "bitrate": 41
  },
  {
    "id": "97d43648-7d9e-4d2b-8457-d70ffea8675a",
    "filename": "荒漠迷城/测试视频重命名_97d43648-7d9e-4d2b-8457-d70ffea8675a.mp4",
    "series": "荒漠迷城",
    "displayName": "测试视频重命名",
    "url": "https://sakikobird.cn:3000/videos/荒漠迷城/测试视频重命名_97d43648-7d9e-4d2b-8457-d70ffea8675a.mp4",
    "playCount": 1,
    "lastModified": 1743678720272.8499,
    "subSeries": "默认子系列",
    "bitrate": 32
  },
  {
    "id": "b2c9b30d-f78b-49b6-8af3-486d86da2ee6",
    "filename": "荒漠迷城/炸b小烟雷_b2c9b30d-f78b-49b6-8af3-486d86da2ee6.mp4",
    "series": "荒漠迷城",
    "displayName": "炸b小烟雷",
    "url": "https://sakikobird.cn:3000/videos/荒漠迷城/炸b小烟雷_b2c9b30d-f78b-49b6-8af3-486d86da2ee6.mp4",
    "playCount": 2,
    "lastModified": 1743617935054.3398,
    "subSeries": "默认子系列",
    "bitrate": 11
  },
  {
    "id": "6f25a04d-f522-4047-b1b3-aa275222803b",
    "filename": "荒漠迷城/警家丢B小展开烟_6f25a04d-f522-4047-b1b3-aa275222803b.mp4",
    "series": "荒漠迷城",
    "displayName": "警家丢B小展开烟",
    "url": "https://sakikobird.cn:3000/videos/荒漠迷城/警家丢B小展开烟_6f25a04d-f522-4047-b1b3-aa275222803b.mp4",
    "playCount": 3,
    "lastModified": 1743618072969.079,
    "subSeries": "默认子系列",
    "bitrate": 48
  },
  {
    "id": "64e09b48-fd7f-4bd2-8daf-c640dded887e",
    "filename": "荒漠迷城/重命名测试_64e09b48-fd7f-4bd2-8daf-c640dded887e.mp4",
    "series": "荒漠迷城",
    "displayName": "重命名测试",
    "url": "https://sakikobird.cn:3000/videos/荒漠迷城/重命名测试_64e09b48-fd7f-4bd2-8daf-c640dded887e.mp4",
    "playCount": 0,
    "lastModified": 1743674065284.176,
    "subSeries": "默认子系列",
    "bitrate": 11
  },
  {
    "id": "00ffbc0f-c9a7-45cd-b469-b7d2bf97f843",
    "filename": "远古遗迹/A主防的中路闪_00ffbc0f-c9a7-45cd-b469-b7d2bf97f843.mp4",
    "series": "远古遗迹",
    "displayName": "A主防的中路闪",
    "url": "https://sakikobird.cn:3000/videos/远古遗迹/A主防的中路闪_00ffbc0f-c9a7-45cd-b469-b7d2bf97f843.mp4",
    "playCount": 0,
    "lastModified": 1743618218259.964,
    "subSeries": "默认子系列",
    "bitrate": 1
  },
  {
    "id": "4bdccfd0-074e-42e6-ad17-549e90341230",
    "filename": "远古遗迹/B区回防套餐（黑屋烟+b坡烟+柱子后火）_4bdccfd0-074e-42e6-ad17-549e90341230.mp4",
    "series": "远古遗迹",
    "displayName": "B区回防套餐（黑屋烟+b坡烟+柱子后火）",
    "url": "https://sakikobird.cn:3000/videos/远古遗迹/B区回防套餐（黑屋烟+b坡烟+柱子后火）_4bdccfd0-074e-42e6-ad17-549e90341230.mp4",
    "playCount": 0,
    "lastModified": 1743618270204.9954,
    "subSeries": "默认子系列",
    "bitrate": 79
  },
  {
    "id": "7257df63-7555-40c6-b915-c34ebd8ed402",
    "filename": "远古遗迹/B点单人全爆弹_7257df63-7555-40c6-b915-c34ebd8ed402.mp4",
    "series": "远古遗迹",
    "displayName": "B点单人全爆弹",
    "url": "https://sakikobird.cn:3000/videos/远古遗迹/B点单人全爆弹_7257df63-7555-40c6-b915-c34ebd8ed402.mp4",
    "playCount": 0,
    "lastModified": 1743618250000.5942,
    "subSeries": "默认子系列",
    "bitrate": 13
  },
  {
    "id": "c6dcc882-cf08-4827-a127-18225eaf05c1",
    "filename": "远古遗迹/b门快烟_c6dcc882-cf08-4827-a127-18225eaf05c1.mp4",
    "series": "远古遗迹",
    "displayName": "b门快烟",
    "url": "https://sakikobird.cn:3000/videos/远古遗迹/b门快烟_c6dcc882-cf08-4827-a127-18225eaf05c1.mp4",
    "playCount": 0,
    "lastModified": 1743618284213.2668,
    "subSeries": "默认子系列",
    "bitrate": 10
  },
  {
    "id": "57daefe7-4681-4c3e-9ff9-a311e7874f89",
    "filename": "远古遗迹/凹槽火_57daefe7-4681-4c3e-9ff9-a311e7874f89.mp4",
    "series": "远古遗迹",
    "displayName": "凹槽火",
    "url": "https://sakikobird.cn:3000/videos/远古遗迹/凹槽火_57daefe7-4681-4c3e-9ff9-a311e7874f89.mp4",
    "playCount": 0,
    "lastModified": 1743618276493.1191,
    "subSeries": "默认子系列",
    "bitrate": 13
  },
  {
    "id": "d4f657bc-12ac-44f4-bd56-aa6e6bd3a003",
    "filename": "远古遗迹/抢黑屋自助跳台火_d4f657bc-12ac-44f4-bd56-aa6e6bd3a003.mp4",
    "series": "远古遗迹",
    "displayName": "抢黑屋自助跳台火",
    "url": "https://sakikobird.cn:3000/videos/远古遗迹/抢黑屋自助跳台火_d4f657bc-12ac-44f4-bd56-aa6e6bd3a003.mp4",
    "playCount": 0,
    "lastModified": 1743618287197.324,
    "subSeries": "默认子系列",
    "bitrate": 10
  },
  {
    "id": "10d6dd8d-ae43-4b9f-9fe9-ebda8fa66274",
    "filename": "远古遗迹/抢黑屋雷火2_10d6dd8d-ae43-4b9f-9fe9-ebda8fa66274.mp4",
    "series": "远古遗迹",
    "displayName": "抢黑屋雷火2",
    "url": "https://sakikobird.cn:3000/videos/远古遗迹/抢黑屋雷火2_10d6dd8d-ae43-4b9f-9fe9-ebda8fa66274.mp4",
    "playCount": 0,
    "lastModified": 1743618428088.0308,
    "subSeries": "默认子系列",
    "bitrate": 9
  },
  {
    "id": "2561f085-8c3d-4725-affb-07ab8aee72be",
    "filename": "远古遗迹/炸抢黑屋雷火_2561f085-8c3d-4725-affb-07ab8aee72be.mp4",
    "series": "远古遗迹",
    "displayName": "炸抢黑屋雷火",
    "url": "https://sakikobird.cn:3000/videos/远古遗迹/炸抢黑屋雷火_2561f085-8c3d-4725-affb-07ab8aee72be.mp4",
    "playCount": 0,
    "lastModified": 1743618433088.1272,
    "subSeries": "默认子系列",
    "bitrate": 10
  },
  {
    "id": "77c8e8f4-d8c5-4c8e-b8f9-d706ef15d392",
    "filename": "远古遗迹/白抢黑屋和匪口的闪_77c8e8f4-d8c5-4c8e-b8f9-d706ef15d392.mp4",
    "series": "远古遗迹",
    "displayName": "白抢黑屋和匪口的闪",
    "url": "https://sakikobird.cn:3000/videos/远古遗迹/白抢黑屋和匪口的闪_77c8e8f4-d8c5-4c8e-b8f9-d706ef15d392.mp4",
    "playCount": 0,
    "lastModified": 1743618437032.2031,
    "subSeries": "默认子系列",
    "bitrate": 10
  },
  {
    "id": "39f2cd03-1a3f-4589-b705-2e840bcc1100",
    "filename": "远古遗迹/警黑屋烟_39f2cd03-1a3f-4589-b705-2e840bcc1100.mp4",
    "series": "远古遗迹",
    "displayName": "警黑屋烟",
    "url": "https://sakikobird.cn:3000/videos/远古遗迹/警黑屋烟_39f2cd03-1a3f-4589-b705-2e840bcc1100.mp4",
    "playCount": 0,
    "lastModified": 1743618454488.54,
    "subSeries": "默认子系列",
    "bitrate": 10
  },
  {
    "id": "e6381bbe-051b-4ef0-84fb-289336407837",
    "filename": "远古遗迹/跳台火_e6381bbe-051b-4ef0-84fb-289336407837.mp4",
    "series": "远古遗迹",
    "displayName": "跳台火",
    "url": "https://sakikobird.cn:3000/videos/远古遗迹/跳台火_e6381bbe-051b-4ef0-84fb-289336407837.mp4",
    "playCount": 0,
    "lastModified": 1743618442720.313,
    "subSeries": "默认子系列",
    "bitrate": 11
  },
  {
    "id": "d6dc9a82-11b0-4d20-862c-9fa7b8ebdfc2",
    "filename": "远古遗迹/阴间黑屋辅助中路打法_d6dc9a82-11b0-4d20-862c-9fa7b8ebdfc2.mp4",
    "series": "远古遗迹",
    "displayName": "阴间黑屋辅助中路打法",
    "url": "https://sakikobird.cn:3000/videos/远古遗迹/阴间黑屋辅助中路打法_d6dc9a82-11b0-4d20-862c-9fa7b8ebdfc2.mp4",
    "playCount": 0,
    "lastModified": 1743618454340.5374,
    "subSeries": "默认子系列",
    "bitrate": 10
  },
  {
    "id": "d5fd6ebb-0129-4b8b-8e92-fd28443514c3",
    "filename": "远古遗迹/黑屋火_d5fd6ebb-0129-4b8b-8e92-fd28443514c3.mp4",
    "series": "远古遗迹",
    "displayName": "黑屋火",
    "url": "https://sakikobird.cn:3000/videos/远古遗迹/黑屋火_d5fd6ebb-0129-4b8b-8e92-fd28443514c3.mp4",
    "playCount": 0,
    "lastModified": 1743618456056.5703,
    "subSeries": "默认子系列",
    "bitrate": 8
  },
  {
    "id": "847618d1-58f0-48de-9579-2656a80d601d",
    "filename": "阿努比斯/AB联烟_847618d1-58f0-48de-9579-2656a80d601d.mp4",
    "series": "阿努比斯",
    "displayName": "AB联烟",
    "url": "https://sakikobird.cn:3000/videos/阿努比斯/AB联烟_847618d1-58f0-48de-9579-2656a80d601d.mp4",
    "playCount": 0,
    "lastModified": 1743617745690.5774,
    "subSeries": "默认子系列",
    "bitrate": 11
  },
  {
    "id": "0702f1cf-6924-4ffb-959c-122cec298d66",
    "filename": "阿努比斯/A回防火_0702f1cf-6924-4ffb-959c-122cec298d66.mp4",
    "series": "阿努比斯",
    "displayName": "A回防火",
    "url": "https://sakikobird.cn:3000/videos/阿努比斯/A回防火_0702f1cf-6924-4ffb-959c-122cec298d66.mp4",
    "playCount": 0,
    "lastModified": 1743617774179.1436,
    "subSeries": "默认子系列",
    "bitrate": 59
  },
  {
    "id": "5d4101db-4f84-4f49-b9a9-b981799b435b",
    "filename": "阿努比斯/B区爆弹_5d4101db-4f84-4f49-b9a9-b981799b435b.mp4",
    "series": "阿努比斯",
    "displayName": "B区爆弹",
    "url": "https://sakikobird.cn:3000/videos/阿努比斯/B区爆弹_5d4101db-4f84-4f49-b9a9-b981799b435b.mp4",
    "playCount": 0,
    "lastModified": 1743617783459.3281,
    "subSeries": "默认子系列",
    "bitrate": 10
  },
  {
    "id": "cf28ad6c-0356-4506-8980-fd37438eb269",
    "filename": "阿努比斯/Counter-strike 2 2024.12.16 - 04.10.23.33.DVR_cf28ad6c-0356-4506-8980-fd37438eb269.mp4",
    "series": "阿努比斯",
    "displayName": "Counter-strike 2 2024.12.16 - 04.10.23.33.DVR",
    "url": "https://sakikobird.cn:3000/videos/阿努比斯/Counter-strike 2 2024.12.16 - 04.10.23.33.DVR_cf28ad6c-0356-4506-8980-fd37438eb269.mp4",
    "playCount": 0,
    "lastModified": 1743617784475.3481,
    "subSeries": "默认子系列",
    "bitrate": 10
  },
  {
    "id": "0144d5d8-ed3f-438a-b00d-f63c8a123c0e",
    "filename": "阿努比斯/中路闪_0144d5d8-ed3f-438a-b00d-f63c8a123c0e.mp4",
    "series": "阿努比斯",
    "displayName": "中路闪",
    "url": "https://sakikobird.cn:3000/videos/阿努比斯/中路闪_0144d5d8-ed3f-438a-b00d-f63c8a123c0e.mp4",
    "playCount": 0,
    "lastModified": 1743617798543.6277,
    "subSeries": "默认子系列",
    "bitrate": 19
  },
  {
    "id": "ae012ab6-3e0f-44f6-bbcb-225ae69fdc23",
    "filename": "阿努比斯/单人A爆弹_ae012ab6-3e0f-44f6-bbcb-225ae69fdc23.mp4",
    "series": "阿努比斯",
    "displayName": "单人A爆弹",
    "url": "https://sakikobird.cn:3000/videos/阿努比斯/单人A爆弹_ae012ab6-3e0f-44f6-bbcb-225ae69fdc23.mp4",
    "playCount": 0,
    "lastModified": 1743617794455.5466,
    "subSeries": "默认子系列",
    "bitrate": 10
  },
  {
    "id": "b59e3071-1f34-4b1d-ab55-9f604cd74acf",
    "filename": "阿努比斯/手枪局闪_b59e3071-1f34-4b1d-ab55-9f604cd74acf.mp4",
    "series": "阿努比斯",
    "displayName": "手枪局闪",
    "url": "https://sakikobird.cn:3000/videos/阿努比斯/手枪局闪_b59e3071-1f34-4b1d-ab55-9f604cd74acf.mp4",
    "playCount": 0,
    "lastModified": 1743617804271.7415,
    "subSeries": "默认子系列",
    "bitrate": 10
  },
  {
    "id": "69f05adc-493e-4ecd-a0d0-1dcbf9987515",
    "filename": "阿努比斯/烟火控A厅_69f05adc-493e-4ecd-a0d0-1dcbf9987515.mp4",
    "series": "阿努比斯",
    "displayName": "烟火控A厅",
    "url": "https://sakikobird.cn:3000/videos/阿努比斯/烟火控A厅_69f05adc-493e-4ecd-a0d0-1dcbf9987515.mp4",
    "playCount": 0,
    "lastModified": 1743617812011.8953,
    "subSeries": "默认子系列",
    "bitrate": 9
  },
  {
    "id": "199ec32c-4973-4969-b789-1bccf826119b",
    "filename": "阿努比斯/进A厅闪_199ec32c-4973-4969-b789-1bccf826119b.mp4",
    "series": "阿努比斯",
    "displayName": "进A厅闪",
    "url": "https://sakikobird.cn:3000/videos/阿努比斯/进A厅闪_199ec32c-4973-4969-b789-1bccf826119b.mp4",
    "playCount": 0,
    "lastModified": 1743617811927.8938,
    "subSeries": "默认子系列",
    "bitrate": 12
  },
  {
    "id": "7f2b2a9b-9bc2-4688-9fe2-eb5c317c212f",
    "filename": "阿努比斯/黑屋烟火_7f2b2a9b-9bc2-4688-9fe2-eb5c317c212f.mp4",
    "series": "阿努比斯",
    "displayName": "黑屋烟火",
    "url": "https://sakikobird.cn:3000/videos/阿努比斯/黑屋烟火_7f2b2a9b-9bc2-4688-9fe2-eb5c317c212f.mp4",
    "playCount": 0,
    "lastModified": 1743617823648.1265,
    "subSeries": "默认子系列",
    "bitrate": 9
  }
]